product_id,product_name,price,category,brand,stock_quantity,release_date
1,Ms,23.54,beauty,Zoomdog,415,8/31/2002
2,Dr,843.49,clothing,Dynabox,836,1/19/2021
3,Mrs,256.21,clothing,Topicshots,368,7/5/2022
4,Honorable,233.62,toys,Agimba,32,1/16/2003
5,Mr,48.54,electronics,Chatterpoint,421,1/25/2014
6,Mrs,483.39,toys,Oyonder,282,3/5/2018
7,Honorable,345.62,home decor,Mynte,644,1/10/2009
8,Mrs,685.04,electronics,Skiba,738,2/25/2016
9,Mr,639.79,toys,Vitz,275,8/15/2018
10,Mr,891.21,electronics,Divanoodle,746,10/4/2012
11,Rev,483.06,electronics,Zoomzone,609,9/26/2015
12,Mr,725.13,toys,Babbleblab,618,4/1/2007
13,Rev,950.81,home decor,Meetz,649,9/1/2000
14,Rev,390.64,toys,Ailane,895,8/6/2021
15,Rev,603.33,beauty,Edgeclub,35,6/17/2002
16,Mr,170.17,beauty,Devify,504,10/18/2003
17,Ms,725.56,beauty,Tagfeed,960,3/2/2010
18,Ms,461.24,clothing,Twimm,306,4/27/2008
19,Dr,944.18,beauty,Browsedrive,276,1/27/2018
20,Ms,87.05,clothing,Wikibox,200,1/29/2021
21,Rev,129.52,electronics,Blogspan,336,4/10/2022
22,Ms,918.45,beauty,Skyble,331,10/26/2010
23,Ms,265.81,electronics,Teklist,589,8/25/2021
24,Honorable,454.36,electronics,Feedspan,747,9/23/2009
25,Mr,692.97,electronics,Mymm,527,12/16/2014
26,Mr,50.45,beauty,Voolia,85,3/1/2015
27,Dr,709.53,clothing,Feednation,853,1/26/2008
28,Dr,590.55,beauty,Skyndu,411,1/28/2003
29,Honorable,484.1,electronics,Skinder,900,3/25/2021
30,Ms,195.66,electronics,Edgepulse,833,7/20/2012
31,Mr,336.25,clothing,Digitube,185,3/29/2014
32,Rev,569.33,clothing,Jabbersphere,614,4/7/2000
33,Dr,640.35,electronics,Brainverse,387,9/10/2021
34,Mrs,437.05,clothing,Innotype,684,3/11/2004
35,Ms,311.67,clothing,Trupe,295,8/8/2005
36,Mrs,907.0,electronics,Jetpulse,219,7/7/2010
37,Rev,377.87,beauty,BlogXS,807,6/3/2004
38,Mr,213.02,clothing,Tazz,477,9/30/2021
39,Mrs,474.88,home decor,Kwinu,709,6/13/2017
40,Dr,750.41,clothing,Agimba,536,8/18/2011
41,Dr,231.44,toys,Vimbo,993,11/16/2022
42,Honorable,182.17,home decor,Centidel,770,10/25/2004
43,Rev,494.42,beauty,Tagcat,717,10/15/2006
44,Mr,591.9,beauty,Wordpedia,221,11/5/2006
45,Mrs,21.25,electronics,Thoughtblab,76,8/13/2017
46,Mrs,396.11,toys,Jabbersphere,0,2/26/2011
47,Dr,957.67,beauty,Devpulse,669,11/26/2003
48,Ms,425.06,clothing,Aimbo,658,8/28/2002
49,Honorable,224.58,electronics,Divape,297,9/28/2020
50,Ms,11.03,beauty,Fivebridge,362,8/22/2015
51,Ms,948.03,home decor,Avamba,491,10/13/2021
52,Dr,285.77,home decor,Quamba,692,12/5/2010
53,Rev,952.18,home decor,Oloo,472,10/9/2020
54,Rev,622.12,electronics,Kare,51,12/3/2018
55,Rev,972.6,electronics,Gabtype,213,8/13/2003
56,Mrs,391.08,clothing,Babbleopia,639,5/10/2015
57,Mr,72.45,beauty,Skibox,422,11/12/2020
58,Mrs,851.78,electronics,Snaptags,626,4/26/2020
59,Mrs,671.36,beauty,Voolia,866,12/24/2019
60,Honorable,183.18,clothing,Gigazoom,472,10/14/2011
61,Ms,712.95,electronics,Cogibox,484,1/4/2000
62,Dr,832.18,beauty,Skiba,956,1/27/2007
63,Mrs,936.59,clothing,Blogtag,706,6/16/2019
64,Rev,374.66,toys,Edgetag,613,5/1/2015
65,Mr,733.19,home decor,Abatz,724,12/28/2008
66,Honorable,475.93,beauty,Trilith,671,12/4/2000
67,Ms,640.01,electronics,Voonte,571,10/13/2016
68,Ms,9.77,electronics,Tagpad,433,2/15/2002
69,Mrs,839.87,beauty,Camimbo,350,10/4/2001
70,Honorable,759.31,toys,Devbug,646,11/7/2002
71,Mrs,924.05,toys,BlogXS,803,12/17/2022
72,Mrs,800.34,clothing,Skipstorm,968,4/24/2000
73,Mr,287.57,clothing,Yozio,404,9/9/2011
74,Mr,898.63,beauty,Flipopia,434,5/6/2018
75,Honorable,765.29,clothing,Jetpulse,12,4/3/2005
76,Mrs,202.05,home decor,Eadel,500,3/30/2015
77,Mrs,731.93,clothing,Realfire,808,7/5/2022
78,Honorable,981.27,clothing,Divavu,732,11/17/2003
79,Rev,251.11,clothing,Einti,874,3/8/2016
80,Honorable,772.64,toys,Zoomzone,112,11/19/2000
81,Ms,502.09,home decor,Feedbug,234,7/14/2015
82,Dr,921.65,home decor,Jabberbean,666,7/9/2016
83,Dr,577.7,clothing,Fatz,481,5/4/2013
84,Ms,545.88,beauty,Vimbo,75,5/9/2003
85,Mr,88.22,electronics,Jazzy,91,6/23/2010
86,Mr,316.59,clothing,Zoomzone,128,12/3/2010
87,Dr,185.26,electronics,Tazzy,889,12/27/2005
88,Honorable,715.15,toys,Devbug,877,8/13/2012
89,Ms,37.7,clothing,Skajo,777,9/6/2016
90,Rev,60.07,toys,Kanoodle,38,7/22/2012
91,Mr,730.8,clothing,Voomm,780,12/24/2019
92,Dr,592.7,electronics,Linkbridge,64,8/20/2021
93,Rev,838.24,beauty,Jamia,178,12/6/2001
94,Mrs,36.15,toys,Jayo,347,10/2/2001
95,Ms,87.32,beauty,Riffpedia,462,4/9/2001
96,Rev,703.18,clothing,Yodel,339,6/27/2020
97,Dr,979.59,beauty,Livepath,917,12/11/2001
98,Mr,968.84,clothing,Brainsphere,415,1/14/2017
99,Dr,992.39,electronics,Riffwire,534,5/6/2013
100,Mr,937.64,clothing,Fiveclub,255,9/7/2006
101,Rev,301.26,clothing,Agimba,286,3/17/2006
102,Ms,630.84,toys,Avamm,417,1/25/2001
103,Rev,162.41,clothing,Meembee,731,9/30/2017
104,Rev,381.96,home decor,Jabbercube,575,4/30/2009
105,Rev,982.55,toys,Mita,589,2/20/2016
106,Ms,17.13,toys,Flipbug,69,6/17/2022
107,Dr,405.99,beauty,Feedspan,168,11/15/2019
108,Dr,376.57,toys,Dazzlesphere,912,11/27/2001
109,Honorable,502.48,home decor,Twitterworks,936,11/10/2003
110,Mrs,415.7,beauty,Realmix,856,10/11/2013
111,Honorable,1.76,beauty,Quamba,762,11/22/2009
112,Dr,290.63,clothing,Wordify,372,5/2/2022
113,Mr,578.66,home decor,Brainverse,628,2/16/2011
114,Honorable,629.12,clothing,Shuffletag,236,7/8/2000
115,Honorable,931.64,clothing,Eimbee,250,2/1/2013
116,Ms,98.76,clothing,Yacero,895,11/18/2018
117,Rev,957.41,clothing,Jaxbean,792,8/26/2009
118,Ms,754.42,clothing,Dablist,542,12/22/2009
119,Mr,923.47,home decor,Livepath,61,10/1/2005
120,Ms,886.23,electronics,BlogXS,87,10/7/2012
121,Honorable,885.97,toys,Brainbox,552,12/23/2014
122,Dr,859.94,electronics,Skyba,113,10/3/2000
123,Dr,222.31,beauty,Avamm,630,6/26/2009
124,Mr,113.48,clothing,Tambee,899,2/21/2022
125,Honorable,23.31,clothing,Topicware,146,12/7/2020
126,Mr,338.92,clothing,Mydeo,469,6/16/2012
127,Rev,981.17,home decor,Skiptube,551,2/29/2000
128,Dr,738.87,clothing,JumpXS,557,7/18/2000
129,Honorable,269.69,home decor,Kamba,518,12/4/2000
130,Ms,189.19,toys,Youspan,840,9/19/2022
131,Honorable,940.6,electronics,Pixonyx,42,2/4/2022
132,Dr,253.77,toys,Zoombox,966,12/26/2022
133,Dr,698.72,clothing,Kaymbo,642,8/27/2002
134,Dr,483.85,clothing,Ntags,323,1/29/2011
135,Mr,787.03,home decor,Fatz,818,5/29/2018
136,Rev,799.64,electronics,Linklinks,67,9/2/2000
137,Mr,355.79,toys,Eabox,328,10/27/2004
138,Mrs,558.13,beauty,Rooxo,115,7/17/2002
139,Honorable,431.09,home decor,Aimbu,679,11/21/2019
140,Ms,272.57,electronics,Yakitri,896,1/28/2010
141,Dr,164.07,electronics,Skyndu,227,12/17/2008
142,Ms,492.76,home decor,Yoveo,857,7/19/2017
143,Rev,537.77,toys,Einti,537,11/13/2000
144,Ms,546.21,clothing,Youfeed,538,6/18/2002
145,Dr,984.34,beauty,Aibox,869,5/26/2009
146,Rev,145.76,electronics,Roomm,565,5/22/2005
147,Dr,229.18,toys,Oozz,151,9/10/2020
148,Mr,801.55,toys,Quatz,595,5/29/2010
149,Mr,341.16,home decor,Yakitri,733,4/27/2006
150,Ms,528.83,clothing,Realmix,803,9/22/2014
151,Rev,259.58,toys,Jayo,781,4/29/2016
152,Rev,516.51,electronics,Quatz,15,2/12/2005
153,Rev,945.77,beauty,Dynabox,856,4/22/2007
154,Honorable,934.26,electronics,Reallinks,781,7/29/2016
155,Dr,729.93,beauty,Realmix,793,8/7/2018
156,Rev,398.09,beauty,Jamia,640,9/2/2003
157,Mrs,738.15,clothing,Rhycero,145,3/1/2009
158,Dr,172.48,electronics,Feedspan,960,2/15/2022
159,Honorable,92.19,beauty,Gabtype,768,11/10/2005
160,Ms,269.33,clothing,Tazzy,623,12/1/2013
161,Mr,534.53,toys,Flipstorm,771,2/21/2017
162,Mr,872.12,toys,Viva,965,6/15/2011
163,Mrs,171.43,electronics,Pixope,874,10/2/2019
164,Mrs,46.94,home decor,Aimbu,29,5/29/2008
165,Mr,870.07,beauty,Ntag,243,1/6/2007
166,Mr,717.12,electronics,Jabbercube,967,11/14/2005
167,Mr,484.03,clothing,Photobug,121,12/18/2020
168,Honorable,882.72,beauty,Ooba,713,8/18/2014
169,Mrs,963.69,beauty,Dynazzy,860,9/27/2012
170,Honorable,132.46,toys,Avavee,622,4/23/2001
171,Rev,187.64,toys,Linklinks,21,7/22/2000
172,Mrs,749.43,electronics,Mymm,144,3/12/2011
173,Ms,789.25,home decor,Fliptune,422,4/19/2019
174,Mr,513.45,clothing,Voomm,780,11/20/2002
175,Ms,110.26,home decor,Skipfire,414,9/21/2015
176,Ms,422.93,beauty,Eadel,196,12/16/2021
177,Mr,139.45,beauty,Oodoo,348,1/21/2020
178,Ms,374.8,electronics,Topicshots,451,6/27/2009
179,Honorable,404.38,beauty,Brightdog,438,8/5/2014
180,Mrs,213.58,clothing,Fadeo,12,2/12/2022
181,Ms,793.35,toys,Eidel,405,9/13/2009
182,Dr,825.98,home decor,Fadeo,770,5/15/2014
183,Rev,985.67,home decor,Photobug,787,3/13/2022
184,Dr,689.6,beauty,Eamia,518,8/5/2021
185,Dr,153.77,beauty,Jabbertype,559,7/21/2020
186,Mr,476.77,beauty,Realmix,917,9/20/2020
187,Rev,381.21,clothing,Jayo,805,9/12/2008
188,Rev,954.27,toys,Rhyloo,868,4/8/2010
189,Honorable,589.98,beauty,Livepath,13,10/4/2022
190,Mrs,70.73,electronics,Bubblebox,168,9/10/2022
191,Dr,807.81,toys,Eidel,180,7/14/2019
192,Rev,730.15,toys,Kare,240,3/22/2021
193,Dr,29.94,beauty,Browsedrive,878,7/28/2002
194,Honorable,416.54,home decor,Chatterbridge,471,7/15/2008
195,Mrs,350.55,beauty,Nlounge,522,2/16/2016
196,Ms,704.4,toys,Twitterworks,130,2/11/2003
197,Dr,656.1,beauty,Gabtype,301,9/29/2004
198,Mr,703.58,home decor,Yamia,242,8/2/2021
199,Mr,903.29,beauty,Pixope,678,6/4/2013
200,Ms,78.59,home decor,Avaveo,63,10/31/2001
201,Ms,819.54,beauty,Jaxspan,410,8/7/2019
202,Mr,821.26,electronics,Youopia,266,12/28/2017
203,Mr,523.51,home decor,Pixope,455,4/9/2019
204,Honorable,914.57,beauty,Skippad,843,2/17/2019
205,Honorable,711.45,electronics,Trilith,600,7/10/2020
206,Ms,721.45,toys,Wikizz,837,8/16/2013
207,Mrs,633.09,clothing,Quaxo,992,2/18/2015
208,Ms,100.89,toys,Avaveo,775,8/31/2018
209,Rev,687.09,clothing,Wikizz,652,11/21/2006
210,Dr,572.37,clothing,Cogidoo,133,8/25/2018
211,Rev,793.72,toys,Blogpad,275,7/24/2011
212,Ms,216.63,toys,Realfire,634,10/31/2012
213,Dr,311.88,clothing,Fivespan,202,5/14/2001
214,Rev,339.49,electronics,Dynazzy,92,11/10/2015
215,Honorable,463.6,toys,Yakijo,434,4/5/2006
216,Ms,61.76,toys,Wikibox,930,3/26/2013
217,Dr,589.35,clothing,Buzzshare,648,9/16/2012
218,Honorable,313.1,toys,Mycat,414,10/17/2002
219,Mr,549.38,beauty,Devcast,256,3/4/2003
220,Rev,27.07,toys,Devpoint,385,11/8/2006
221,Mr,431.25,toys,Flipopia,238,5/17/2009
222,Dr,346.47,beauty,Youbridge,78,8/2/2004
223,Ms,253.59,toys,Rhynyx,430,6/13/2019
224,Dr,786.04,home decor,Youspan,315,3/25/2015
225,Mrs,89.29,electronics,Avamm,57,11/13/2005
226,Mrs,199.28,electronics,Eire,239,11/2/2012
227,Mrs,379.91,toys,Realbuzz,47,2/6/2021
228,Dr,677.42,toys,Flashpoint,813,8/3/2018
229,Mr,555.33,clothing,Shufflester,577,1/30/2012
230,Honorable,329.84,beauty,Reallinks,346,8/25/2002
231,Ms,160.61,beauty,Rooxo,792,2/16/2000
232,Honorable,619.2,electronics,Thoughtstorm,210,9/11/2022
233,Mrs,198.97,home decor,Skippad,202,5/4/2004
234,Rev,53.19,clothing,Kwimbee,534,11/27/2016
235,Mrs,728.29,toys,Kimia,991,2/15/2010
236,Mr,365.8,clothing,Livepath,451,9/6/2003
237,Mrs,175.09,clothing,Brainbox,92,8/19/2002
238,Mr,479.99,electronics,Roomm,957,3/22/2021
239,Dr,291.41,electronics,Layo,965,5/24/2016
240,Mrs,902.74,toys,Realcube,868,2/18/2008
241,Ms,832.03,home decor,Trupe,117,7/9/2013
242,Honorable,948.39,toys,Zoozzy,176,5/11/2012
243,Mrs,397.04,clothing,Jamia,316,8/25/2013
244,Rev,89.69,clothing,Dabjam,510,11/22/2009
245,Ms,108.08,toys,Gigazoom,859,7/9/2011
246,Mrs,426.56,home decor,Leexo,446,6/13/2013
247,Rev,292.4,electronics,Eire,616,2/4/2021
248,Honorable,385.9,beauty,Topdrive,967,11/6/2014
249,Dr,360.63,home decor,Jamia,13,7/18/2014
250,Mr,282.44,clothing,Eare,631,9/4/2013
251,Dr,570.25,home decor,Brightbean,505,6/16/2011
252,Ms,740.27,home decor,Lajo,772,7/26/2008
253,Mrs,153.26,beauty,Oloo,819,12/19/2002
254,Mrs,819.62,beauty,Meevee,505,10/17/2008
255,Rev,279.5,clothing,Browsezoom,573,7/20/2009
256,Rev,829.77,beauty,Dynazzy,746,1/16/2011
257,Mrs,511.7,beauty,Buzzster,701,5/21/2022
258,Honorable,882.22,beauty,Wikizz,584,2/1/2003
259,Rev,902.55,electronics,Ozu,49,12/10/2007
260,Rev,4.89,toys,Jazzy,874,7/27/2009
261,Ms,396.24,beauty,Minyx,667,7/21/2005
262,Rev,719.04,beauty,Mynte,551,7/23/2006
263,Honorable,685.52,electronics,Dazzlesphere,990,8/3/2015
264,Honorable,28.74,toys,Skibox,40,5/3/2000
265,Mrs,159.93,clothing,Kazio,183,11/13/2017
266,Mr,800.52,electronics,Reallinks,288,9/22/2011
267,Honorable,308.78,electronics,Mynte,542,4/11/2014
268,Dr,489.25,clothing,Thoughtbridge,486,5/25/2009
269,Mr,134.55,toys,Realpoint,291,9/30/2007
270,Dr,195.24,clothing,Photobug,410,3/7/2015
271,Rev,40.54,toys,Jaxworks,959,5/30/2003
272,Mrs,169.34,home decor,Shuffletag,516,9/25/2007
273,Rev,835.5,toys,Quinu,633,11/30/2020
274,Mr,238.72,home decor,Thoughtbeat,834,6/20/2007
275,Dr,818.66,clothing,Meevee,989,11/17/2009
276,Honorable,513.61,home decor,Yodel,986,6/22/2019
277,Mr,877.49,toys,Lazz,334,3/14/2005
278,Honorable,14.56,home decor,Mymm,987,5/15/2012
279,Honorable,117.17,toys,Twitternation,807,3/18/2020
280,Dr,938.61,home decor,Fatz,247,1/25/2018
281,Ms,240.98,home decor,Bluezoom,321,1/26/2015
282,Honorable,243.43,electronics,Jaxbean,625,1/22/2012
283,Mr,243.21,electronics,Gabvine,863,5/31/2022
284,Dr,319.76,beauty,Mita,742,4/25/2002
285,Rev,492.24,clothing,Plajo,844,10/23/2015
286,Mrs,918.19,toys,Jayo,429,12/8/2021
287,Ms,407.64,toys,Eire,514,9/24/2019
288,Honorable,271.2,electronics,Skyvu,75,4/10/2014
289,Mr,252.32,home decor,Digitube,249,10/6/2017
290,Mr,552.57,toys,Trunyx,594,5/25/2007
291,Rev,314.01,toys,Skimia,703,7/14/2022
292,Mr,323.07,home decor,Trilith,266,9/4/2009
293,Mrs,510.55,electronics,Flashdog,435,1/8/2005
294,Honorable,820.14,toys,Yodel,879,2/4/2018
295,Honorable,498.52,clothing,Meembee,542,12/18/2019
296,Dr,622.69,electronics,Oba,429,8/10/2013
297,Honorable,945.52,clothing,Zoonoodle,311,3/5/2014
298,Ms,100.43,clothing,Yodo,927,3/18/2010
299,Honorable,330.17,electronics,Trupe,183,7/10/2014
300,Mr,84.23,home decor,Kimia,839,2/21/2006
301,Mrs,548.02,electronics,Vinte,167,10/9/2006
302,Dr,834.67,beauty,Centizu,413,8/29/2016
303,Rev,234.64,clothing,Flashdog,421,12/29/2002
304,Rev,603.53,home decor,Flashdog,819,3/11/2020
305,Ms,749.12,toys,Yadel,17,2/13/2004
306,Rev,418.4,home decor,Rhynyx,716,6/19/2005
307,Ms,610.4,beauty,Avamba,245,12/2/2019
308,Mrs,921.21,clothing,Podcat,439,10/18/2007
309,Mrs,228.18,clothing,Quimba,126,5/6/2007
310,Ms,549.82,clothing,Skiba,767,9/10/2002
311,Mr,106.67,electronics,Vitz,581,4/6/2003
312,Dr,520.59,clothing,Ainyx,712,10/5/2010
313,Mr,711.1,electronics,Ozu,217,8/27/2000
314,Dr,260.51,beauty,Blogpad,754,4/15/2012
315,Honorable,525.37,home decor,Minyx,259,1/14/2015
316,Honorable,785.78,beauty,Yodel,269,6/13/2004
317,Honorable,43.01,beauty,Linktype,966,4/21/2013
318,Rev,325.45,beauty,Livepath,573,3/14/2009
319,Rev,791.32,electronics,Tambee,493,5/13/2014
320,Mr,460.26,clothing,Layo,925,7/10/2014
321,Dr,266.94,beauty,Chatterpoint,491,1/24/2017
322,Dr,944.71,home decor,Voomm,790,7/5/2003
323,Ms,474.96,beauty,Skinix,334,6/15/2010
324,Mr,885.46,electronics,Youfeed,456,10/11/2018
325,Ms,640.99,toys,Oozz,616,4/16/2002
326,Honorable,491.42,electronics,Tambee,838,8/11/2002
327,Mrs,524.59,clothing,Zoomcast,861,3/22/2020
328,Mrs,185.36,home decor,Rooxo,697,11/4/2021
329,Mr,229.69,clothing,Fanoodle,808,9/20/2007
330,Mrs,591.41,toys,Rhynyx,766,5/27/2003
331,Mrs,538.22,clothing,Photolist,552,12/10/2022
332,Honorable,928.97,toys,Leenti,8,11/15/2011
333,Dr,496.51,electronics,Oyoyo,996,4/2/2013
334,Mrs,517.4,home decor,Thoughtblab,999,7/11/2019
335,Ms,678.01,electronics,Plambee,397,2/20/2022
336,Dr,214.64,beauty,Oyoyo,737,3/2/2008
337,Dr,623.0,toys,Tagchat,857,10/6/2001
338,Dr,599.12,clothing,Skivee,644,3/18/2020
339,Dr,507.91,beauty,Eire,385,1/28/2004
340,Rev,152.24,toys,Kwimbee,441,7/28/2013
341,Honorable,287.65,beauty,Chatterbridge,450,3/27/2001
342,Rev,2.74,home decor,Twinder,676,2/27/2014
343,Mr,982.78,clothing,Ntag,847,2/12/2021
344,Rev,774.01,clothing,Skinte,531,3/12/2002
345,Mr,904.09,beauty,Dabfeed,361,7/2/2018
346,Mrs,582.0,toys,Yabox,291,8/23/2006
347,Mrs,481.46,toys,Dazzlesphere,699,11/3/2020
348,Dr,682.17,electronics,Eire,931,2/1/2018
349,Honorable,717.58,toys,Yata,853,1/23/2022
350,Ms,11.94,toys,Thoughtstorm,971,9/23/2019
351,Mrs,275.96,beauty,Jaxbean,16,7/20/2004
352,Mr,633.19,beauty,Meembee,78,3/5/2020
353,Mrs,214.72,home decor,Mybuzz,142,6/4/2005
354,Honorable,469.91,beauty,Npath,114,3/3/2002
355,Mr,888.37,electronics,Eidel,659,3/28/2017
356,Mrs,190.5,beauty,Skaboo,143,4/17/2005
357,Honorable,30.53,beauty,Yata,165,12/31/2011
358,Honorable,631.05,home decor,Buzzster,896,1/6/2015
359,Dr,326.44,home decor,Einti,749,4/8/2022
360,Honorable,507.67,clothing,JumpXS,736,3/2/2010
361,Dr,18.61,clothing,Quinu,294,9/15/2006
362,Rev,836.14,toys,Dynabox,181,5/14/2022
363,Ms,447.6,clothing,Livetube,655,6/1/2004
364,Mrs,356.31,electronics,Dynabox,721,4/5/2003
365,Rev,609.37,beauty,Viva,956,5/24/2010
366,Mrs,588.29,clothing,Photofeed,402,11/1/2017
367,Mrs,443.59,toys,Chatterpoint,804,9/24/2007
368,Rev,325.27,toys,Eamia,706,7/11/2004
369,Mr,542.43,electronics,Kwideo,668,4/17/2004
370,Honorable,501.51,toys,Yombu,706,3/24/2011
371,Honorable,392.97,electronics,Meejo,633,11/28/2000
372,Mrs,597.5,electronics,Meemm,653,12/28/2022
373,Honorable,542.5,clothing,Linklinks,721,8/30/2020
374,Mrs,960.45,electronics,Shuffledrive,474,9/29/2006
375,Dr,494.16,beauty,Vinder,234,12/31/2012
376,Honorable,217.01,home decor,Cogilith,978,7/27/2011
377,Ms,941.49,beauty,Photobean,759,3/3/2012
378,Rev,786.87,toys,Tazzy,838,10/27/2011
379,Ms,905.59,beauty,Thoughtbridge,320,6/7/2017
380,Mr,243.08,clothing,Gevee,166,12/5/2009
381,Mr,338.7,toys,Blogspan,639,2/13/2008
382,Ms,861.7,beauty,Quinu,834,8/7/2013
383,Rev,934.31,clothing,Jabbercube,293,2/17/2003
384,Rev,2.53,beauty,Jamia,26,4/23/2001
385,Rev,780.62,home decor,Skimia,530,2/6/2009
386,Rev,430.78,beauty,Edgeclub,482,4/14/2020
387,Mr,651.39,home decor,Chatterpoint,428,9/7/2018
388,Rev,573.43,electronics,Katz,386,12/31/2012
389,Rev,201.47,toys,Jayo,561,6/13/2004
390,Mrs,121.27,toys,Omba,764,11/30/2015
391,Honorable,703.07,clothing,Quinu,77,10/25/2015
392,Rev,626.56,clothing,Skinte,311,1/29/2017
393,Ms,99.61,electronics,Tagpad,858,10/15/2010
394,Dr,288.05,toys,Feedspan,277,2/4/2017
395,Dr,853.55,clothing,Twimm,723,6/17/2020
396,Ms,858.4,toys,Skiba,616,11/12/2008
397,Honorable,979.52,clothing,Twiyo,578,7/2/2014
398,Rev,478.49,electronics,Katz,326,6/17/2019
399,Mr,387.28,home decor,Agimba,312,4/24/2021
400,Mr,572.41,clothing,Rhyzio,976,12/10/2017
401,Ms,55.57,electronics,Innojam,58,4/5/2019
402,Dr,495.12,electronics,Mydeo,644,4/16/2019
403,Rev,172.49,beauty,Plajo,214,5/25/2000
404,Honorable,20.64,electronics,Dabjam,173,12/10/2012
405,Honorable,628.97,beauty,Flashpoint,686,9/13/2022
406,Ms,927.7,electronics,Skimia,122,5/6/2011
407,Mr,366.61,beauty,Lazzy,499,8/8/2001
408,Honorable,401.68,clothing,Wikido,676,9/11/2007
409,Honorable,536.91,beauty,Flashset,769,10/29/2008
410,Rev,676.56,electronics,Twitterworks,711,2/13/2020
411,Mrs,3.77,electronics,Eare,395,11/23/2005
412,Honorable,259.01,home decor,Skipfire,236,3/8/2003
413,Mr,490.43,electronics,Kamba,526,3/28/2021
414,Honorable,340.33,beauty,Thoughtsphere,200,10/15/2020
415,Mrs,206.05,electronics,Photobug,822,10/19/2000
416,Mrs,803.77,toys,Katz,22,4/28/2018
417,Mr,817.12,home decor,Roomm,10,12/27/2013
418,Mrs,889.11,electronics,Yozio,987,2/9/2004
419,Mrs,413.02,clothing,Yakijo,722,6/11/2002
420,Mrs,732.15,clothing,Skinte,647,10/19/2017
421,Mr,672.52,electronics,Riffpedia,25,2/12/2001
422,Mr,986.97,home decor,Kayveo,669,2/2/2016
423,Honorable,764.87,clothing,Oozz,412,5/26/2000
424,Mrs,26.87,home decor,Ozu,231,9/26/2016
425,Honorable,560.82,home decor,Thoughtbeat,743,8/20/2015
426,Ms,725.07,electronics,Realbridge,40,8/1/2004
427,Ms,474.98,clothing,Linklinks,843,12/25/2002
428,Mrs,941.93,home decor,Jayo,945,1/7/2015
429,Dr,22.52,electronics,Vimbo,415,10/14/2019
430,Mr,659.39,toys,Wordpedia,161,7/16/2015
431,Honorable,622.88,clothing,Jaxspan,568,10/20/2022
432,Mrs,357.43,electronics,Muxo,319,11/2/2003
433,Rev,656.78,toys,Meetz,614,9/13/2009
434,Mr,958.62,home decor,Browsebug,477,3/8/2013
435,Honorable,762.73,electronics,Zooveo,365,10/5/2010
436,Mr,502.17,clothing,Bubbletube,396,4/1/2017
437,Mr,518.18,home decor,Twitterlist,237,5/22/2011
438,Honorable,769.65,clothing,Twitterwire,845,9/28/2019
439,Ms,592.41,home decor,Gevee,46,8/27/2000
440,Mrs,771.86,clothing,Trilith,822,2/27/2019
441,Ms,407.32,beauty,Realblab,509,10/25/2020
442,Ms,504.06,electronics,Cogilith,876,11/11/2010
443,Ms,511.88,electronics,Fiveclub,314,4/28/2006
444,Ms,415.38,clothing,Ntags,617,3/15/2015
445,Honorable,885.04,clothing,Jayo,86,6/18/2021
446,Rev,748.8,beauty,Avamba,812,7/2/2011
447,Honorable,378.48,electronics,Vipe,247,7/29/2015
448,Honorable,449.96,beauty,Yabox,12,10/9/2005
449,Ms,231.68,beauty,Kwinu,671,1/30/2002
450,Dr,864.88,toys,Thoughtstorm,411,7/21/2021
451,Mrs,349.75,clothing,Skaboo,934,5/31/2019
452,Ms,929.32,toys,Meezzy,892,1/12/2007
453,Mrs,724.54,clothing,Youspan,241,11/22/2007
454,Mrs,289.69,electronics,Cogidoo,611,4/17/2009
455,Rev,782.06,beauty,Quaxo,557,4/9/2010
456,Mrs,771.66,toys,Thoughtstorm,622,10/16/2005
457,Mrs,325.52,electronics,Aimbo,626,5/28/2013
458,Honorable,388.58,clothing,JumpXS,567,3/14/2017
459,Rev,645.83,beauty,Zoozzy,294,3/31/2005
460,Mrs,562.39,home decor,Voonder,472,10/26/2006
461,Dr,373.92,electronics,Twinder,370,5/3/2022
462,Mrs,246.47,home decor,Blognation,295,1/10/2009
463,Rev,553.11,beauty,Realblab,421,5/10/2010
464,Ms,858.38,toys,Rhyzio,447,7/27/2005
465,Rev,350.46,clothing,Photolist,374,2/21/2014
466,Dr,834.87,beauty,Shufflester,14,7/26/2009
467,Rev,657.31,beauty,Tagchat,912,3/20/2000
468,Dr,688.92,electronics,Babblestorm,135,5/28/2021
469,Rev,28.73,toys,Trupe,875,4/21/2013
470,Mr,421.44,toys,Gabvine,403,10/21/2017
471,Dr,432.28,electronics,Thoughtbeat,397,8/22/2015
472,Rev,908.76,home decor,Realbuzz,704,9/20/2008
473,Mr,211.65,toys,Photofeed,658,7/25/2018
474,Rev,146.06,beauty,Youspan,978,2/28/2007
475,Mr,324.69,toys,Livepath,739,9/27/2009
476,Dr,386.0,clothing,Agimba,79,5/1/2015
477,Honorable,212.5,home decor,Thoughtstorm,910,7/2/2011
478,Mr,421.72,clothing,Snaptags,664,5/26/2014
479,Dr,861.01,home decor,Aimbu,81,7/31/2022
480,Mr,890.03,electronics,Voolith,579,1/3/2021
481,Honorable,883.8,home decor,InnoZ,963,6/7/2004
482,Honorable,988.54,toys,Cogidoo,924,7/25/2007
483,Rev,980.22,clothing,Shufflester,812,2/24/2016
484,Mrs,415.89,beauty,Plajo,414,10/23/2016
485,Honorable,296.28,toys,Feedbug,351,2/14/2022
486,Mr,335.94,home decor,Mydo,279,10/13/2002
487,Rev,865.4,home decor,Vimbo,658,7/3/2001
488,Dr,793.91,home decor,Chatterpoint,631,10/11/2001
489,Mr,952.44,electronics,Twitterbridge,178,5/16/2008
490,Ms,240.27,beauty,Dablist,506,2/26/2007
491,Mr,600.22,beauty,Plajo,603,12/5/2002
492,Mrs,793.39,electronics,Linklinks,162,2/7/2003
493,Mrs,600.84,beauty,Divanoodle,241,10/8/2009
494,Rev,895.54,clothing,Browsetype,525,11/6/2002
495,Honorable,775.54,toys,Voolith,237,1/20/2015
496,Ms,586.86,home decor,Twitterworks,938,8/14/2003
497,Honorable,571.74,toys,Skidoo,288,3/2/2017
498,Honorable,34.26,toys,BlogXS,695,10/22/2013
499,Honorable,509.85,electronics,Demizz,727,12/4/2018
500,Rev,564.11,electronics,Tagpad,310,8/4/2010
501,Rev,456.38,toys,Zazio,948,3/25/2002
502,Ms,60.54,home decor,Livepath,515,12/10/2012
503,Mr,78.64,beauty,Meeveo,202,10/26/2005
504,Dr,772.27,clothing,Linkbridge,995,6/3/2014
505,Honorable,932.53,beauty,Zoombeat,340,3/29/2010
506,Mr,823.99,beauty,Yabox,832,4/25/2009
507,Honorable,598.81,electronics,Voolia,435,10/24/2009
508,Ms,101.62,electronics,Photojam,115,9/20/2011
509,Dr,730.03,clothing,Eabox,685,9/14/2009
510,Honorable,927.7,home decor,Kimia,474,5/12/2003
511,Mrs,523.34,beauty,Feedmix,688,1/12/2004
512,Mrs,752.46,beauty,Jaxworks,593,5/12/2010
513,Mrs,793.01,home decor,Rhycero,190,3/18/2019
514,Mr,154.82,clothing,Fatz,972,2/21/2015
515,Rev,168.67,beauty,Babblestorm,882,2/13/2013
516,Rev,433.57,home decor,Voolia,576,4/1/2007
517,Mr,195.76,beauty,Photojam,232,5/17/2016
518,Ms,185.94,toys,Divape,717,4/22/2003
519,Mrs,113.56,electronics,Ntag,246,4/28/2009
520,Ms,833.74,clothing,Fivespan,488,9/6/2022
521,Mrs,563.78,electronics,Browseblab,747,5/8/2007
522,Mr,411.81,toys,Chatterbridge,547,9/29/2000
523,Mr,404.57,electronics,Quaxo,72,4/4/2021
524,Mr,875.03,beauty,Myworks,751,9/8/2005
525,Ms,228.84,clothing,Trilith,337,7/4/2009
526,Ms,911.52,toys,Quinu,799,7/15/2018
527,Honorable,54.74,beauty,Dablist,574,5/22/2009
528,Rev,421.06,home decor,Meemm,676,12/10/2010
529,Mr,306.29,electronics,Wordtune,324,2/24/2016
530,Mr,828.02,beauty,Browsebug,638,8/22/2002
531,Ms,388.23,clothing,Mynte,478,11/6/2011
532,Mr,423.56,home decor,Jabberbean,84,9/8/2016
533,Rev,903.31,beauty,Rhyloo,681,12/11/2013
534,Mr,408.35,beauty,Tavu,903,5/31/2020
535,Honorable,18.48,beauty,Zoombeat,309,7/18/2021
536,Mr,211.62,clothing,Kazu,252,7/29/2011
537,Dr,12.75,beauty,Realcube,317,9/26/2013
538,Mrs,406.0,toys,Voomm,213,7/29/2019
539,Mr,716.51,home decor,Yoveo,29,9/18/2001
540,Rev,834.16,home decor,Flashpoint,603,4/30/2007
541,Ms,214.4,electronics,Bubbletube,986,6/28/2013
542,Ms,991.76,clothing,Flashspan,853,3/25/2014
543,Mrs,215.53,electronics,Avavee,198,10/1/2005
544,Rev,868.06,beauty,Oloo,533,11/13/2008
545,Mrs,39.06,toys,Gabvine,0,2/27/2014
546,Mrs,338.07,home decor,Jabbersphere,345,9/9/2020
547,Honorable,170.54,electronics,Gigaclub,52,3/9/2015
548,Rev,547.25,clothing,Centidel,355,8/12/2004
549,Mr,686.03,home decor,Youopia,921,12/29/2009
550,Ms,656.43,beauty,Tagchat,405,3/7/2009
551,Dr,584.59,beauty,Fivechat,469,12/7/2011
552,Mrs,75.38,beauty,Skimia,767,7/19/2020
553,Dr,377.35,beauty,Thoughtbeat,506,10/10/2017
554,Ms,153.79,clothing,Skaboo,515,1/13/2009
555,Dr,275.61,clothing,Yotz,780,11/20/2006
556,Rev,975.27,home decor,Wikibox,489,11/1/2013
557,Rev,171.71,electronics,Tazz,545,2/27/2021
558,Mr,406.94,toys,Avamm,847,8/12/2016
559,Honorable,28.82,electronics,Miboo,926,3/11/2012
560,Dr,39.14,electronics,Gabtune,310,11/12/2019
561,Rev,159.47,clothing,Skaboo,188,2/9/2004
562,Dr,95.33,electronics,Eare,834,1/20/2016
563,Mrs,74.21,electronics,Tekfly,275,3/15/2020
564,Dr,721.01,electronics,Tagpad,28,6/1/2011
565,Ms,693.13,beauty,Fadeo,237,3/7/2014
566,Ms,885.47,beauty,Tagfeed,390,6/3/2001
567,Ms,396.43,clothing,Eidel,692,7/12/2017
568,Honorable,665.24,clothing,Twitterwire,607,9/25/2003
569,Rev,284.13,beauty,Jamia,995,4/20/2000
570,Mr,86.65,beauty,Realbuzz,417,2/4/2013
571,Mrs,397.02,home decor,Skalith,877,10/23/2001
572,Dr,934.87,beauty,Trilith,756,4/27/2003
573,Mrs,473.32,home decor,Camimbo,926,4/30/2011
574,Ms,611.97,beauty,Plambee,287,12/19/2012
575,Mr,941.93,electronics,Avavee,645,6/7/2021
576,Ms,624.21,beauty,Katz,387,1/5/2008
577,Honorable,503.0,beauty,Twimm,247,1/29/2013
578,Honorable,90.72,electronics,Npath,438,4/5/2015
579,Honorable,828.0,home decor,Podcat,496,4/27/2004
580,Ms,822.79,clothing,Chatterbridge,428,7/20/2002
581,Rev,543.05,clothing,Zoomdog,713,8/3/2022
582,Dr,487.47,home decor,Innotype,704,4/3/2008
583,Mr,610.56,beauty,Cogibox,340,7/1/2016
584,Rev,860.65,electronics,Kare,32,12/18/2020
585,Mrs,643.72,toys,Bluejam,95,7/12/2003
586,Rev,308.95,beauty,Linklinks,934,2/7/2020
587,Dr,682.48,clothing,Bluezoom,907,1/31/2012
588,Mr,905.29,electronics,Linktype,45,1/12/2012
589,Mr,747.22,clothing,Youbridge,541,4/3/2004
590,Mrs,494.28,beauty,Meembee,152,1/24/2020
591,Honorable,132.8,beauty,Mudo,458,7/5/2001
592,Dr,860.92,home decor,Jaloo,532,1/27/2015
593,Honorable,145.32,toys,Photofeed,367,2/27/2019
594,Honorable,924.3,beauty,Fadeo,726,1/6/2015
595,Honorable,470.95,electronics,Fadeo,659,5/2/2022
596,Mr,797.75,toys,Wordtune,122,5/1/2011
597,Rev,582.99,beauty,Fivespan,115,7/26/2000
598,Mr,700.27,electronics,Tanoodle,352,1/26/2009
599,Rev,659.87,home decor,Browsebug,714,4/21/2012
600,Ms,501.29,electronics,Skaboo,616,1/16/2016
601,Honorable,23.37,clothing,Flashspan,351,8/24/2021
602,Ms,868.44,electronics,Wikizz,239,3/25/2014
603,Mr,17.51,toys,Einti,623,10/16/2008
604,Mrs,186.65,clothing,Tagfeed,546,6/1/2001
605,Mr,665.37,toys,Fivebridge,502,8/31/2006
606,Mrs,263.2,electronics,Cogidoo,727,11/24/2010
607,Dr,564.49,electronics,Avamm,691,5/7/2006
608,Dr,554.92,home decor,Mudo,706,2/12/2016
609,Honorable,366.59,toys,Bubblemix,675,2/21/2015
610,Mr,133.14,clothing,Quimba,206,8/30/2017
611,Rev,623.27,home decor,Divanoodle,513,1/14/2022
612,Rev,455.06,clothing,Voomm,701,5/31/2014
613,Mr,766.45,home decor,Jabberbean,443,7/2/2010
614,Ms,845.96,electronics,Babbleset,110,2/17/2016
615,Ms,610.26,beauty,Skimia,652,7/17/2018
616,Dr,189.2,beauty,Skipfire,787,10/27/2007
617,Honorable,233.94,electronics,Flipbug,690,4/23/2011
618,Mr,842.87,toys,Yozio,677,8/2/2002
619,Mr,12.89,electronics,Brainbox,331,12/4/2008
620,Rev,688.58,clothing,Edgewire,557,12/20/2021
621,Honorable,631.17,electronics,Bubblemix,682,11/21/2002
622,Ms,91.24,toys,Edgeify,251,4/3/2008
623,Mr,840.13,electronics,Shufflester,183,9/5/2004
624,Rev,543.32,electronics,Oyoyo,898,1/19/2001
625,Rev,21.23,beauty,Roodel,201,10/23/2004
626,Mr,925.99,clothing,Mudo,597,3/15/2012
627,Dr,225.21,home decor,Shuffletag,658,6/4/2005
628,Mr,444.44,beauty,Oyoloo,571,3/3/2015
629,Rev,720.54,electronics,Skyndu,747,3/30/2002
630,Honorable,567.22,home decor,Thoughtbridge,571,10/9/2014
631,Mrs,73.96,clothing,Divanoodle,947,12/30/2005
632,Honorable,860.49,beauty,Livepath,521,6/16/2012
633,Mr,961.78,electronics,Skinte,956,8/31/2000
634,Mrs,245.94,home decor,Pixonyx,764,5/2/2007
635,Mr,863.01,electronics,Twinte,311,10/12/2017
636,Rev,464.37,beauty,Skimia,216,7/11/2009
637,Mr,454.44,home decor,Lazzy,898,4/13/2000
638,Mrs,398.45,home decor,Voonder,403,7/22/2005
639,Honorable,983.4,beauty,Babbleblab,414,1/4/2015
640,Mrs,575.55,beauty,Cogilith,462,9/24/2022
641,Mrs,412.94,beauty,Kazio,938,11/27/2019
642,Mr,626.8,clothing,Jayo,249,10/24/2002
643,Rev,635.01,home decor,Brainverse,595,1/8/2004
644,Mrs,485.58,home decor,Vitz,97,10/3/2013
645,Ms,618.5,clothing,Quatz,332,8/24/2000
646,Ms,956.59,beauty,Youbridge,263,8/4/2008
647,Honorable,349.57,electronics,Buzzdog,503,10/15/2009
648,Mrs,463.15,clothing,Jayo,60,5/5/2018
649,Rev,723.08,clothing,Digitube,722,11/12/2012
650,Mr,264.25,beauty,Thoughtworks,742,2/7/2009
651,Honorable,312.12,home decor,Livefish,764,12/2/2005
652,Mrs,704.94,clothing,Topicstorm,501,5/16/2013
653,Rev,482.52,home decor,Thoughtstorm,311,7/30/2000
654,Ms,533.01,home decor,Mynte,26,5/24/2021
655,Dr,820.62,beauty,Kaymbo,856,9/27/2004
656,Ms,20.28,toys,Shufflebeat,843,12/8/2022
657,Honorable,641.83,beauty,Devpulse,813,4/23/2001
658,Ms,264.87,home decor,Jayo,680,6/22/2010
659,Dr,326.43,home decor,Buzzster,986,8/17/2006
660,Mr,195.4,home decor,Oba,559,5/19/2001
661,Mr,681.91,beauty,Yadel,655,6/6/2002
662,Mr,200.04,electronics,Aimbu,910,2/26/2014
663,Ms,493.13,electronics,Browsebug,701,12/31/2013
664,Mrs,858.95,clothing,Topiczoom,871,7/23/2008
665,Rev,795.36,beauty,Vidoo,205,6/14/2008
666,Dr,493.01,electronics,Mudo,135,7/29/2012
667,Honorable,273.74,home decor,Browsecat,243,1/25/2002
668,Mr,566.82,clothing,Kanoodle,199,9/7/2006
669,Honorable,725.53,electronics,Thoughtstorm,736,4/27/2012
670,Rev,628.59,beauty,Photobean,193,11/8/2016
671,Dr,333.69,beauty,Jayo,101,6/5/2000
672,Mr,989.95,clothing,Yozio,336,10/25/2001
673,Mr,783.99,clothing,Quimm,334,2/9/2007
674,Honorable,570.77,electronics,Yozio,736,6/24/2003
675,Rev,566.32,clothing,Rhybox,541,8/12/2018
676,Dr,942.98,beauty,Thoughtstorm,840,7/4/2015
677,Rev,984.5,toys,Roomm,461,1/30/2021
678,Mrs,125.3,beauty,Photolist,287,10/26/2011
679,Dr,738.31,toys,Photobug,634,3/31/2008
680,Rev,509.19,toys,Youfeed,153,4/11/2008
681,Dr,578.14,home decor,Photobean,291,12/29/2008
682,Rev,472.15,clothing,DabZ,312,5/18/2015
683,Honorable,818.51,clothing,Kamba,138,7/7/2000
684,Honorable,758.29,electronics,Blogtags,16,5/24/2007
685,Rev,594.19,home decor,Dynabox,547,2/9/2016
686,Honorable,41.35,toys,Roodel,438,2/27/2015
687,Dr,71.6,clothing,Trupe,766,10/24/2011
688,Mr,123.29,clothing,Blogpad,92,11/20/2012
689,Rev,143.42,toys,Buzzbean,894,10/17/2013
690,Dr,784.51,home decor,Livetube,8,1/29/2006
691,Honorable,601.4,home decor,Minyx,720,11/22/2017
692,Rev,202.93,clothing,Eamia,877,7/3/2020
693,Mrs,797.19,clothing,Zoomcast,52,9/19/2007
694,Ms,762.53,toys,Janyx,437,8/16/2011
695,Mr,367.63,toys,Gigashots,797,6/28/2011
696,Mr,269.09,clothing,Viva,373,1/15/2001
697,Mrs,905.83,electronics,Centimia,82,7/16/2001
698,Ms,288.31,toys,Skinder,378,4/22/2021
699,Rev,63.45,toys,Ailane,592,8/7/2007
700,Ms,805.18,toys,Vipe,444,8/21/2009
701,Rev,475.8,toys,Feedfish,76,10/10/2009
702,Honorable,959.04,toys,Plambee,3,7/8/2018
703,Dr,714.46,clothing,Vidoo,661,4/23/2017
704,Dr,820.99,toys,Roomm,667,5/20/2007
705,Mrs,262.11,toys,Wikivu,184,11/4/2015
706,Mrs,576.76,clothing,Bubblebox,224,12/4/2004
707,Honorable,346.97,toys,Zooxo,466,6/14/2013
708,Dr,463.95,beauty,Photolist,244,10/7/2002
709,Mr,746.57,toys,Pixonyx,481,1/19/2020
710,Ms,380.12,electronics,Topiclounge,116,2/28/2008
711,Honorable,960.03,home decor,Pixope,589,2/26/2007
712,Rev,955.42,toys,Zoonder,306,9/17/2000
713,Mr,633.99,beauty,Youbridge,262,10/24/2017
714,Mr,564.73,home decor,Flipopia,826,10/1/2010
715,Rev,735.86,home decor,Cogidoo,649,9/28/2009
716,Dr,681.52,electronics,Oyoba,288,7/29/2004
717,Rev,589.35,toys,Mydeo,378,8/27/2009
718,Mrs,467.7,electronics,Yadel,787,5/26/2018
719,Dr,931.43,clothing,Quatz,105,7/27/2003
720,Dr,285.3,clothing,Mymm,963,11/10/2013
721,Honorable,615.29,electronics,Brightdog,638,3/23/2003
722,Mrs,552.68,electronics,Talane,512,5/24/2015
723,Rev,281.44,toys,Voonte,254,10/13/2016
724,Honorable,502.98,clothing,Meeveo,231,5/18/2008
725,Mrs,772.69,toys,Midel,980,11/15/2017
726,Dr,145.58,home decor,Topicstorm,816,3/13/2001
727,Ms,130.08,beauty,Skaboo,766,9/30/2011
728,Rev,581.3,clothing,Agimba,146,2/23/2002
729,Honorable,606.35,toys,Aibox,865,1/7/2007
730,Ms,67.08,electronics,Yambee,719,1/27/2012
731,Ms,435.36,beauty,Topicblab,152,9/22/2020
732,Ms,411.17,toys,Centizu,612,4/27/2001
733,Rev,206.52,toys,Skyvu,381,7/11/2001
734,Ms,609.1,beauty,Linktype,128,8/31/2002
735,Mr,5.53,toys,Photolist,452,2/25/2005
736,Mr,686.71,electronics,Ntag,683,4/10/2006
737,Rev,317.88,electronics,Jaloo,277,10/31/2011
738,Mrs,802.15,clothing,Tagfeed,909,1/9/2020
739,Honorable,219.07,home decor,Edgeblab,94,10/4/2018
740,Mr,415.48,beauty,Gevee,21,11/17/2022
741,Rev,200.66,beauty,Skiptube,156,10/22/2005
742,Ms,568.98,clothing,Oyoyo,512,11/11/2018
743,Rev,520.88,toys,Zoomlounge,225,4/26/2009
744,Mr,34.13,clothing,Kwideo,9,12/10/2008
745,Honorable,966.34,electronics,Tavu,301,1/19/2008
746,Honorable,684.82,toys,Zoovu,519,1/20/2000
747,Mrs,271.64,clothing,Youspan,376,10/30/2003
748,Ms,43.88,beauty,Realcube,891,7/28/2006
749,Mr,550.42,electronics,Vimbo,569,5/15/2017
750,Honorable,258.86,beauty,Topdrive,413,12/10/2015
751,Mrs,826.89,beauty,Feedbug,729,6/22/2018
752,Dr,662.33,toys,Janyx,221,11/25/2006
753,Dr,298.17,home decor,Devify,57,5/3/2016
754,Rev,985.58,toys,Voomm,880,7/26/2000
755,Mrs,150.06,home decor,Skinte,18,5/18/2017
756,Mrs,623.28,beauty,Yodo,364,6/16/2020
757,Mr,136.73,toys,Trilia,39,2/9/2015
758,Mr,279.4,beauty,Quamba,269,11/5/2022
759,Rev,983.0,electronics,Eire,650,12/28/2021
760,Mrs,30.87,home decor,Viva,658,4/5/2001
761,Honorable,83.93,beauty,Demimbu,962,10/15/2022
762,Honorable,542.69,home decor,Dabshots,4,3/11/2002
763,Dr,794.02,electronics,Voolith,214,4/19/2020
764,Ms,931.63,clothing,Ntags,410,2/26/2016
765,Mr,792.15,home decor,Trudoo,660,6/10/2003
766,Ms,570.98,beauty,Trupe,986,5/3/2000
767,Rev,562.36,clothing,Miboo,368,5/11/2021
768,Mrs,530.52,home decor,Fiveclub,510,2/1/2005
769,Dr,393.27,electronics,Rhynyx,353,2/21/2018
770,Ms,379.87,toys,Avamm,222,2/10/2003
771,Honorable,814.04,electronics,Demimbu,150,8/8/2020
772,Ms,182.82,toys,Mydeo,642,4/8/2008
773,Mr,620.87,clothing,Zoozzy,692,11/30/2004
774,Honorable,862.7,home decor,Babbleset,32,8/1/2012
775,Mr,821.71,home decor,Chatterpoint,626,4/4/2020
776,Rev,421.57,home decor,Quaxo,32,1/16/2016
777,Mr,520.25,home decor,Skidoo,932,11/28/2008
778,Dr,304.14,beauty,Jetpulse,25,11/15/2002
779,Ms,747.58,clothing,Twitterwire,262,9/10/2010
780,Mrs,832.65,home decor,Fivebridge,480,10/25/2008
781,Honorable,858.47,beauty,Skipfire,68,5/21/2018
782,Mrs,868.5,beauty,Youbridge,509,8/28/2018
783,Honorable,293.08,home decor,Twiyo,565,8/30/2008
784,Honorable,962.83,electronics,Twitterworks,285,3/8/2011
785,Mr,803.5,toys,Yombu,699,8/25/2004
786,Mrs,591.54,beauty,Twimm,592,7/29/2004
787,Mrs,436.81,beauty,Voonyx,536,12/29/2009
788,Mrs,946.32,beauty,Twitterbeat,839,3/25/2007
789,Honorable,231.83,electronics,Youopia,93,6/13/2014
790,Mr,715.12,home decor,Meevee,223,3/1/2002
791,Ms,203.96,electronics,Dablist,59,9/5/2018
792,Mr,258.09,electronics,Yakijo,859,8/2/2008
793,Rev,999.43,clothing,Eire,407,6/20/2005
794,Mrs,847.32,electronics,Kanoodle,27,11/1/2014
795,Dr,67.66,toys,Babbleblab,744,2/3/2011
796,Dr,820.31,clothing,Wikivu,590,10/4/2013
797,Mr,758.6,home decor,Buzzshare,534,6/8/2013
798,Rev,862.36,electronics,Vitz,12,5/26/2000
799,Dr,81.99,clothing,Pixope,617,2/19/2017
800,Rev,536.91,electronics,Feednation,269,6/3/2003
801,Rev,959.58,home decor,Meevee,256,12/22/2005
802,Honorable,740.14,beauty,Meevee,457,9/29/2002
803,Rev,699.33,home decor,Roombo,413,9/15/2007
804,Ms,680.94,home decor,Realblab,232,8/27/2010
805,Honorable,198.66,beauty,Lazzy,236,2/24/2005
806,Rev,226.87,home decor,Kare,194,11/9/2004
807,Honorable,536.06,clothing,Shufflester,662,5/12/2021
808,Mrs,31.58,home decor,Skilith,808,3/30/2019
809,Rev,586.49,clothing,Zoomzone,12,1/8/2013
810,Ms,39.31,home decor,Livetube,768,4/5/2001
811,Honorable,62.61,toys,Mynte,126,4/5/2013
812,Mrs,117.95,beauty,Wikibox,987,12/11/2018
813,Rev,121.35,clothing,Realcube,915,1/29/2019
814,Dr,490.49,clothing,Lazzy,920,12/30/2004
815,Mrs,174.24,home decor,Rhyzio,425,5/8/2020
816,Mrs,195.26,toys,Kaymbo,482,2/15/2018
817,Rev,67.89,electronics,Centidel,974,10/31/2002
818,Mr,601.56,toys,Lajo,607,11/20/2004
819,Rev,14.0,beauty,Feedfire,113,5/28/2010
820,Honorable,656.55,clothing,Chatterpoint,126,5/14/2001
821,Honorable,741.7,toys,Eadel,390,3/29/2007
822,Rev,490.34,clothing,Demimbu,785,4/17/2013
823,Mrs,852.49,home decor,Devpoint,156,10/7/2002
824,Mr,320.29,beauty,Jaxbean,440,6/29/2001
825,Dr,682.37,beauty,Omba,910,6/17/2011
826,Rev,23.61,beauty,Meevee,391,7/1/2019
827,Ms,651.98,home decor,Janyx,593,12/14/2022
828,Dr,320.51,beauty,Gigashots,714,1/5/2022
829,Dr,769.56,electronics,Demizz,951,3/25/2006
830,Mrs,406.51,home decor,Mydo,409,7/30/2004
831,Mrs,29.12,beauty,Einti,361,8/2/2010
832,Ms,708.06,beauty,Meezzy,777,2/18/2018
833,Mrs,800.87,home decor,Meeveo,312,5/24/2003
834,Dr,736.93,home decor,Feedfish,617,11/14/2003
835,Ms,480.95,clothing,Youbridge,740,2/25/2005
836,Mr,563.47,toys,Meeveo,834,2/5/2002
837,Mrs,450.95,beauty,JumpXS,996,7/27/2002
838,Honorable,452.0,beauty,Dablist,471,9/18/2002
839,Mr,28.64,clothing,Edgeclub,824,3/31/2000
840,Rev,279.59,beauty,Avamba,342,1/1/2010
841,Honorable,590.23,beauty,Voonyx,808,5/1/2015
842,Rev,326.21,electronics,Thoughtbeat,733,4/8/2000
843,Rev,646.89,home decor,Mydeo,118,12/8/2021
844,Honorable,928.1,clothing,Photolist,972,3/7/2016
845,Ms,717.75,electronics,Jetwire,528,8/12/2008
846,Honorable,576.87,home decor,Twinder,243,12/7/2018
847,Rev,985.72,clothing,Oyoba,453,11/3/2019
848,Dr,910.06,home decor,Fatz,935,9/20/2014
849,Mr,815.91,toys,Wikizz,162,10/7/2014
850,Honorable,553.4,beauty,Youtags,152,2/22/2014
851,Rev,16.71,beauty,Photospace,313,7/10/2001
852,Ms,527.47,clothing,Pixonyx,43,3/9/2005
853,Dr,172.54,toys,Yakitri,837,4/6/2018
854,Rev,671.49,beauty,Eazzy,646,11/2/2019
855,Rev,553.84,home decor,Buzzshare,934,6/24/2009
856,Mr,521.77,clothing,Gabvine,967,7/27/2001
857,Mrs,393.78,toys,Npath,915,2/14/2020
858,Mrs,412.46,electronics,Voomm,325,10/29/2011
859,Rev,311.47,beauty,Flashpoint,557,2/16/2004
860,Mrs,558.66,beauty,Aimbo,477,4/27/2007
861,Mr,830.0,electronics,Latz,429,1/28/2004
862,Mr,132.31,toys,Devpulse,982,12/12/2003
863,Mrs,477.93,toys,Gigaclub,674,2/11/2009
864,Rev,964.78,home decor,Thoughtbeat,405,4/5/2021
865,Ms,158.36,electronics,Tekfly,514,6/9/2013
866,Mr,500.19,home decor,Vinte,469,12/20/2002
867,Honorable,833.39,electronics,Npath,823,1/16/2002
868,Mr,355.8,clothing,Devshare,937,7/6/2000
869,Rev,685.37,electronics,Jaxbean,157,9/4/2016
870,Rev,748.77,electronics,Skipfire,209,9/13/2011
871,Ms,191.05,home decor,Photobug,264,12/14/2014
872,Mr,121.5,beauty,Quimm,622,5/26/2018
873,Ms,91.81,electronics,Aimbu,60,10/22/2002
874,Rev,280.0,home decor,Abata,186,6/13/2017
875,Ms,325.74,toys,Abatz,942,6/3/2015
876,Mrs,540.9,toys,LiveZ,395,12/20/2019
877,Honorable,711.4,toys,Trunyx,4,11/9/2000
878,Mrs,616.83,clothing,Blogtag,928,7/27/2020
879,Honorable,812.71,clothing,Browsedrive,898,8/9/2006
880,Mrs,518.41,electronics,Divape,986,1/11/2010
881,Rev,68.21,toys,Plambee,500,6/28/2006
882,Honorable,79.15,clothing,Youfeed,482,8/5/2015
883,Mr,193.0,beauty,Riffpedia,430,9/1/2017
884,Honorable,470.02,electronics,Dynabox,343,4/22/2010
885,Rev,217.84,home decor,Eamia,567,9/25/2022
886,Ms,177.46,clothing,JumpXS,311,1/29/2015
887,Ms,147.2,beauty,Riffwire,18,5/15/2007
888,Honorable,459.84,clothing,Einti,183,8/8/2012
889,Rev,777.83,toys,Ainyx,847,10/9/2007
890,Dr,719.58,toys,Oodoo,673,6/13/2015
891,Honorable,570.61,clothing,Brainverse,196,4/12/2015
892,Mrs,266.47,clothing,Devpulse,526,2/6/2003
893,Honorable,386.38,toys,Meedoo,593,5/11/2005
894,Honorable,767.11,clothing,Yoveo,868,5/16/2008
895,Dr,505.15,toys,Zazio,139,4/16/2022
896,Honorable,443.32,beauty,Voomm,144,12/4/2001
897,Dr,691.65,electronics,Digitube,468,1/16/2003
898,Ms,981.25,home decor,Devpoint,384,9/7/2005
899,Rev,490.12,home decor,Skimia,561,3/25/2014
900,Mrs,192.56,beauty,Roodel,585,5/18/2011
901,Mrs,485.42,beauty,Kare,600,2/25/2014
902,Rev,736.55,clothing,Photofeed,240,8/9/2018
903,Mrs,771.61,toys,Ozu,372,10/23/2000
904,Rev,544.68,toys,Feednation,919,6/2/2001
905,Mr,919.66,beauty,Meevee,391,11/12/2013
906,Mrs,218.03,beauty,Divanoodle,444,7/23/2009
907,Mrs,187.45,home decor,Kaymbo,161,11/13/2005
908,Rev,275.7,electronics,Wikivu,232,7/30/2002
909,Ms,597.42,home decor,Omba,158,1/22/2000
910,Mr,452.59,electronics,Blognation,254,7/30/2009
911,Mr,865.09,clothing,Shuffletag,432,9/26/2014
912,Honorable,284.05,clothing,Oyoyo,705,7/29/2005
913,Dr,623.49,clothing,Buzzbean,436,9/8/2011
914,Dr,586.25,electronics,Skajo,924,3/13/2017
915,Mrs,749.63,electronics,Topdrive,444,1/16/2022
916,Dr,979.81,home decor,Innotype,71,7/10/2007
917,Dr,857.25,home decor,Eazzy,255,11/2/2000
918,Dr,314.71,toys,Midel,317,3/26/2019
919,Mr,852.22,toys,Trudoo,366,3/21/2020
920,Dr,571.92,home decor,Oyonder,416,1/27/2015
921,Rev,837.03,clothing,Blogtag,917,12/7/2017
922,Honorable,972.11,beauty,Oyoba,64,8/9/2003
923,Rev,969.95,beauty,Zoomdog,999,1/17/2021
924,Honorable,916.61,clothing,Mybuzz,502,1/22/2005
925,Rev,608.86,beauty,Eayo,499,2/16/2021
926,Ms,188.45,beauty,Vimbo,928,12/19/2001
927,Mr,741.32,toys,Shuffledrive,881,9/21/2015
928,Ms,2.53,electronics,Thoughtblab,31,2/9/2020
929,Mr,407.07,electronics,Agivu,176,6/2/2007
930,Dr,104.77,electronics,Zoonoodle,836,6/27/2017
931,Honorable,468.9,clothing,Roodel,943,7/4/2007
932,Honorable,324.49,electronics,Jabbercube,633,7/21/2013
933,Honorable,912.26,toys,Skidoo,315,12/21/2008
934,Mr,561.59,clothing,Tagfeed,251,7/4/2017
935,Rev,529.85,electronics,Roomm,910,5/23/2001
936,Honorable,723.79,home decor,Oodoo,163,1/15/2019
937,Ms,697.01,electronics,Realcube,821,4/9/2018
938,Dr,372.31,beauty,Skiptube,996,9/9/2019
939,Mr,917.31,toys,Devbug,256,8/12/2007
940,Rev,187.33,clothing,Gabtype,574,8/2/2022
941,Mrs,124.76,electronics,Babblestorm,248,9/8/2010
942,Dr,262.92,clothing,Gigashots,768,2/3/2019
943,Dr,738.12,toys,Zoombox,578,10/16/2008
944,Honorable,445.98,clothing,Aimbo,773,7/23/2013
945,Mr,61.2,toys,Eire,808,8/16/2002
946,Dr,876.26,toys,Skilith,466,11/1/2018
947,Dr,166.33,home decor,Bluejam,444,12/2/2002
948,Mrs,376.81,beauty,Brainbox,520,8/7/2012
949,Rev,675.28,electronics,Gabspot,854,12/21/2006
950,Dr,727.97,toys,Vitz,660,9/26/2008
951,Ms,949.78,clothing,Blogtags,997,12/4/2021
952,Ms,529.21,clothing,Skiba,387,7/24/2003
953,Mrs,122.66,beauty,Linktype,162,12/10/2008
954,Mrs,243.12,beauty,Omba,255,7/13/2013
955,Ms,718.18,clothing,Eabox,912,6/4/2005
956,Mrs,21.53,clothing,Blogspan,478,1/1/2016
957,Honorable,43.97,home decor,Babbleset,640,7/20/2010
958,Ms,345.97,electronics,Jabbertype,320,1/31/2010
959,Dr,941.56,toys,Realblab,938,1/28/2020
960,Mr,838.85,beauty,Feedfish,179,9/23/2022
961,Dr,182.52,toys,Avamm,620,10/19/2015
962,Dr,214.93,electronics,Voonix,988,5/23/2001
963,Honorable,578.13,home decor,Quatz,174,11/3/2003
964,Mrs,714.68,clothing,Photofeed,706,6/30/2015
965,Mr,881.75,toys,Kayveo,23,9/20/2005
966,Ms,185.29,beauty,Katz,756,5/9/2002
967,Honorable,368.9,home decor,Innotype,35,8/10/2000
968,Mrs,218.7,home decor,Shufflester,317,1/30/2008
969,Rev,468.65,clothing,Zooxo,570,9/20/2019
970,Mr,946.38,electronics,Topiczoom,953,5/10/2012
971,Mr,468.41,clothing,BlogXS,487,4/1/2015
972,Rev,868.59,electronics,Geba,212,10/27/2010
973,Mrs,572.3,toys,Agimba,635,6/17/2014
974,Honorable,215.91,clothing,Kaymbo,710,8/4/2022
975,Rev,140.35,toys,Photobean,588,7/23/2004
976,Mrs,839.66,electronics,Fanoodle,286,12/4/2008
977,Honorable,945.9,beauty,Myworks,135,8/2/2021
978,Honorable,596.47,home decor,Nlounge,843,11/11/2000
979,Dr,747.25,electronics,Teklist,431,1/21/2019
980,Mrs,523.79,beauty,Feedspan,931,5/11/2014
981,Mr,643.71,electronics,Meedoo,562,4/19/2007
982,Mrs,364.24,clothing,Avamm,685,1/10/2010
983,Mrs,230.7,electronics,Aimbu,552,5/4/2005
984,Dr,2.51,toys,Oyoyo,335,8/23/2003
985,Honorable,773.09,clothing,Voonyx,62,1/13/2016
986,Dr,925.66,toys,Shufflester,801,11/25/2007
987,Rev,919.64,electronics,Dynabox,620,2/15/2001
988,Dr,903.29,clothing,Riffpedia,880,2/26/2009
989,Dr,688.03,beauty,Kaymbo,903,10/25/2014
990,Ms,772.4,clothing,Dablist,190,9/16/2007
991,Mr,342.94,toys,Dynabox,259,1/10/2000
992,Mrs,740.6,clothing,Eimbee,617,6/20/2014
993,Rev,782.84,toys,Voomm,108,4/19/2011
994,Ms,28.19,electronics,Zoonoodle,550,8/3/2007
995,Dr,327.1,clothing,Oba,342,6/7/2004
996,Honorable,866.61,home decor,Buzzshare,715,9/2/2015
997,Mrs,229.63,beauty,Reallinks,917,5/28/2006
998,Mrs,121.88,home decor,Yodoo,117,6/20/2021
999,Honorable,307.63,electronics,Oyoloo,616,8/26/2012
1000,Ms,358.43,toys,InnoZ,492,2/23/2008
